[
  {
    "name": "Yojimbo",
    "outline": "A crafty ronin comes to a town divided by two criminal gangs and decides to play them against each other to free the town.",
    "rating": 8.4,
    "director": "Akira Kurosawa",
    "year": 1961,
    "stars": [
      "Toshirô Mifune",
      "Eijirô Tôno",
      "Tatsuya Nakadai"
    ],
    "runtime": 110,
    "genre": [
      "Action",
      "Adventure"
    ],
    "certificate": "TV_MA",
    "date": "1981-08-02T10:29:29+05:30",
    "actor": "Toshirô Mifune",
    "id": 250
  },
  {
    "name": "2001: A Space Odyssey",
    "outline": "Humanity finds a mysterious, obviously artificial, object buried beneath the Lunar surface and, with the intelligent computer H.A.L. 9000, sets off on a quest.",
    "rating": 8.4,
    "director": "Stanley Kubrick",
    "year": 1968,
    "stars": [
      "Keir Dullea",
      "Gary Lockwood",
      "William Sylvester"
    ],
    "runtime": 141,
    "genre": [
      "Adventure",
      "Mystery",
      "Sci-Fi"
    ],
    "certificate": "TV_PG",
    "date": "1970-07-02T10:29:29+05:30",
    "actor": "Keir Dullea",
    "id": 251
  },
  {
    "name": "The Bridge on the River Kwai",
    "outline": "After settling his differences with a Japanese PoW camp commander, a British colonel co-operates to oversee his men's construction of a railway bridge for their captors - while oblivious to a plan by the Allies to destroy it.",
    "rating": 8.3,
    "director": "David Lean",
    "year": 1957,
    "stars": [
      "William Holden",
      "Alec Guinness",
      "Jack Hawkins"
    ],
    "runtime": 161,
    "genre": [
      "Adventure",
      "Drama",
      "History",
      "War"
    ],
    "certificate": "APPROVED",
    "date": "2001-09-25T10:29:29+05:30",
    "actor": "William Holden",
    "id": 252
  },
  {
    "name": "Raging Bull",
    "outline": "An emotionally self-destructive boxer's journey through life, as the violence and temper that leads him to the top in the ring, destroys his life outside it.",
    "rating": 8.3,
    "director": "Martin Scorsese",
    "year": 1980,
    "stars": [
      "Robert De Niro",
      "Cathy Moriarty",
      "Joe Pesci"
    ],
    "runtime": 129,
    "genre": [
      "Biography",
      "Drama",
      "Sport"
    ],
    "certificate": "R",
    "date": "2000-04-30T10:29:29+05:30",
    "actor": "Robert De Niro",
    "id": 253
  },
  {
    "name": "Unforgiven",
    "outline": "Retired Old West gunslinger William Munny reluctantly takes on one last job, with the help of his old partner and a young man.",
    "rating": 8.3,
    "director": "Clint Eastwood",
    "year": 1992,
    "stars": [
      "Clint Eastwood",
      "Gene Hackman",
      "Morgan Freeman"
    ],
    "runtime": 131,
    "genre": [
      "Western"
    ],
    "certificate": "R",
    "date": "2005-11-24T10:29:29+05:30",
    "actor": "Clint Eastwood",
    "id": 254
  },
  {
    "name": "Mr. Smith Goes to Washington",
    "outline": "A naive man is appointed to fill a vacancy in the US Senate. His plans promptly collide with political corruption, but he doesn't back down.",
    "rating": 8.3,
    "director": "Frank Capra",
    "year": 1939,
    "stars": [
      "James Stewart",
      "Jean Arthur",
      "Claude Rains"
    ],
    "runtime": 129,
    "genre": [
      "Drama"
    ],
    "certificate": "APPROVED",
    "date": "1962-07-24T10:29:29+05:30",
    "actor": "James Stewart",
    "id": 255
  },
  {
    "name": "The General",
    "outline": "When Union spies steal an engineer's beloved locomotive, he pursues it single handedly and straight through enemy lines.",
    "rating": 8.3,
    "director": "Clyde Bruckman",
    "year": 1926,
    "stars": [
      "Buster Keaton",
      "Buster Keaton",
      "Marion Mack",
      "Glen Cavender"
    ],
    "runtime": 107,
    "genre": [
      "Action",
      "Adventure",
      "Comedy",
      "Romance",
      "War"
    ],
    "certificate": "UNRATED",
    "date": "1983-06-04T10:29:29+05:30",
    "actor": "Buster Keaton",
    "id": 256
  },
  {
    "name": "Indiana Jones and the Last Crusade",
    "outline": "When Dr. Henry Jones Sr. suddenly goes missing while pursuing the Holy Grail, eminent archaeologist Indiana Jones must follow in his father's footsteps and stop the Nazis.",
    "rating": 8.3,
    "director": "Steven Spielberg",
    "year": 1989,
    "stars": [
      "Harrison Ford",
      "Sean Connery",
      "Alison Doody"
    ],
    "runtime": 127,
    "genre": [
      "Action",
      "Adventure"
    ],
    "certificate": "United States-E",
    "date": "2014-03-19T10:29:29+05:30",
    "actor": "Harrison Ford",
    "id": 257
  },
  {
    "name": "Batman Begins",
    "outline": "After training with his mentor, Batman begins his war on crime to free the crime-ridden Gotham City from corruption that the Scarecrow and the League of Shadows have cast upon it.",
    "rating": 8.3,
    "director": "Christopher Nolan",
    "year": 2005,
    "stars": [
      "Christian Bale",
      "Michael Caine",
      "Ken Watanabe"
    ],
    "runtime": 140,
    "genre": [
      "Action",
      "Adventure",
      "Crime",
      "Drama"
    ],
    "certificate": "PG_13",
    "date": "2003-03-20T10:29:29+05:30",
    "actor": "Christian Bale",
    "id": 258
  },
  {
    "name": "For a Few Dollars More",
    "outline": "Two bounty hunters with the same intentions, team up to track down a Western outlaw.",
    "rating": 8.3,
    "director": "Sergio Leone",
    "year": 1965,
    "stars": [
      "Clint Eastwood",
      "Lee Van Cleef",
      "Gian Maria Volonté"
    ],
    "runtime": 132,
    "genre": [
      "Western"
    ],
    "certificate": "APPROVED",
    "date": "2006-07-25T10:29:29+05:30",
    "actor": "Clint Eastwood",
    "id": 259
  },
  {
    "name": "The Great Escape",
    "outline": "Allied POWs plan for several hundred of their number to escape from a German camp during World War II.",
    "rating": 8.3,
    "director": "John Sturges",
    "year": 1963,
    "stars": [
      "Steve McQueen",
      "James Garner",
      "Richard Attenborough"
    ],
    "runtime": 172,
    "genre": [
      "Adventure",
      "Drama",
      "History",
      "Thriller",
      "War"
    ],
    "certificate": "UNRATED",
    "date": "1999-04-14T10:29:29+05:30",
    "actor": "Steve McQueen",
    "id": 260
  },
  {
    "name": "On the Waterfront",
    "outline": "An ex-prize fighter turned longshoreman struggles to stand up to his corrupt union bosses.",
    "rating": 8.3,
    "director": "Elia Kazan",
    "year": 1954,
    "stars": [
      "Marlon Brando",
      "Karl Malden",
      "Lee J. Cobb"
    ],
    "runtime": 108,
    "genre": [
      "Crime",
      "Drama"
    ],
    "certificate": "APPROVED",
    "date": "1997-02-11T10:29:29+05:30",
    "actor": "Marlon Brando",
    "id": 261
  },
  {
    "name": "The Kid",
    "outline": "The Tramp cares for an abandoned child, but events put that relationship in jeopardy.",
    "rating": 8.3,
    "director": "Charles Chaplin",
    "year": 1921,
    "stars": [
      "Charles Chaplin",
      "Edna Purviance",
      "Jackie Coogan"
    ],
    "runtime": 68,
    "genre": [
      "Comedy",
      "Drama",
      "Family"
    ],
    "certificate": "NOT_RATED",
    "date": "1964-12-04T10:29:29+05:30",
    "actor": "Charles Chaplin",
    "id": 262
  },
  {
    "name": "Die Hard",
    "outline": "John McClane, officer of the NYPD, tries to save wife Holly Gennaro and several others, taken hostage by German terrorist Hans Gruber during a Christmas party at the Nakatomi Plaza in Los Angeles.",
    "rating": 8.3,
    "director": "John McTiernan",
    "year": 1988,
    "stars": [
      "Bruce Willis",
      "Alan Rickman",
      "Bonnie Bedelia"
    ],
    "runtime": 131,
    "genre": [
      "Action",
      "Thriller"
    ],
    "certificate": "R",
    "date": "1995-05-19T10:29:29+05:30",
    "actor": "Bruce Willis",
    "id": 263
  },
  {
    "name": "Downfall",
    "outline": "Traudl Junge, the final secretary for Adolf Hitler, tells of the Nazi dictator's final days in his Berlin bunker at the end of WWII.",
    "rating": 8.3,
    "director": "Oliver Hirschbiegel",
    "year": 2004,
    "stars": [
      "Bruno Ganz",
      "Alexandra Maria Lara",
      "Ulrich Matthes"
    ],
    "runtime": 156,
    "genre": [
      "Biography",
      "Drama",
      "History",
      "War"
    ],
    "certificate": "R",
    "date": "2005-07-08T10:29:29+05:30",
    "actor": "Bruno Ganz",
    "id": 264
  },
  {
    "name": "Snatch.",
    "outline": "Unscrupulous boxing promoters, violent bookmakers, a Russian gangster, incompetent amateur robbers, and supposedly Jewish jewelers fight to track down a priceless stolen diamond.",
    "rating": 8.3,
    "director": "Guy Ritchie",
    "year": 2000,
    "stars": [
      "Jason Statham",
      "Brad Pitt",
      "Benicio Del Toro"
    ],
    "runtime": 104,
    "genre": [
      "Crime",
      "Thriller"
    ],
    "certificate": "R",
    "date": "1989-12-16T10:29:29+05:30",
    "actor": "Jason Statham",
    "id": 265
  },
  {
    "name": "The Seventh Seal",
    "outline": "A man seeks answers about life, death, and the existence of God as he plays chess against the Grim Reaper during the Black Plague.",
    "rating": 8.3,
    "director": "Ingmar Bergman",
    "year": 1957,
    "stars": [
      "Max von Sydow",
      "Gunnar Björnstrand",
      "Bengt Ekerot"
    ],
    "runtime": 96,
    "genre": [
      "Drama",
      "Fantasy"
    ],
    "certificate": "TV_PG",
    "date": "1971-09-29T10:29:29+05:30",
    "actor": "Max von Sydow",
    "id": 266
  },
  {
    "name": "Pan's Labyrinth",
    "outline": "In the fascist Spain of 1944, the bookish young stepdaughter of a sadistic army officer escapes into an eerie but captivating fantasy world.",
    "rating": 8.3,
    "director": "Guillermo del Toro",
    "year": 2006,
    "stars": [
      "Ivana Baquero",
      "Ariadna Gil",
      "Sergi López"
    ],
    "runtime": 118,
    "genre": [
      "Drama",
      "Fantasy",
      "War"
    ],
    "certificate": "R",
    "date": "1971-04-20T10:29:29+05:30",
    "actor": "Ivana Baquero",
    "id": 267
  },
  {
    "name": "Wild Strawberries",
    "outline": "After living a life marked by coldness, an aging professor is forced to confront the emptiness of his existence.",
    "rating": 8.3,
    "director": "Ingmar Bergman",
    "year": 1957,
    "stars": [
      "Victor Sjöström",
      "Bibi Andersson",
      "Ingrid Thulin"
    ],
    "runtime": 91,
    "genre": [
      "Drama"
    ],
    "certificate": "UNRATED",
    "date": "1959-12-14T10:29:29+05:30",
    "actor": "Victor Sjöström",
    "id": 268
  },
  {
    "name": "Inglourious Basterds",
    "outline": "In Nazi-occupied France during World War II, a plan to assassinate Nazi leaders by a group of Jewish U.S. soldiers coincides with a theatre owner's vengeful plans for the same.",
    "rating": 8.3,
    "director": "Quentin Tarantino",
    "year": 2009,
    "stars": [
      "Brad Pitt",
      "Diane Kruger",
      "Eli Roth"
    ],
    "runtime": 153,
    "genre": [
      "Adventure",
      "Drama",
      "War"
    ],
    "certificate": "R",
    "date": "1960-08-07T10:29:29+05:30",
    "actor": "Brad Pitt",
    "id": 269
  },
  {
    "name": "Up",
    "outline": "By tying thousands of balloons to his home, 78-year-old Carl sets out to fulfill his lifelong dream to see the wilds of South America. Russell, a wilderness explorer 70 years younger, inadvertently becomes a stowaway.",
    "rating": 8.3,
    "director": "Pete Docter",
    "year": 2009,
    "stars": [
      "Bob Peterson",
      "Edward Asner",
      "Jordan Nagai",
      "John Ratzenberger"
    ],
    "runtime": 96,
    "genre": [
      "Animation",
      "Adventure",
      "Comedy",
      "Drama",
      "Family",
      "Fantasy"
    ],
    "certificate": "PG",
    "date": "1977-01-18T10:29:29+05:30",
    "actor": "Bob Peterson",
    "id": 270
  },
  {
    "name": "The Elephant Man",
    "outline": "A Victorian surgeon rescues a heavily disfigured man who is mistreated while scraping a living as a side-show freak. Behind his monstrous facade, there is revealed a person of intelligence and sensitivity.",
    "rating": 8.3,
    "director": "David Lynch",
    "year": 1980,
    "stars": [
      "Anthony Hopkins",
      "John Hurt",
      "Anne Bancroft"
    ],
    "runtime": 124,
    "genre": [
      "Biography",
      "Drama"
    ],
    "certificate": "PG",
    "date": "1964-11-29T10:29:29+05:30",
    "actor": "Anthony Hopkins",
    "id": 271
  },
  {
    "name": "The Maltese Falcon",
    "outline": "A private detective takes on a case that involves him with three eccentric criminals, a gorgeous liar, and their quest for a priceless statuette.",
    "rating": 8.3,
    "director": "John Huston",
    "year": 1941,
    "stars": [
      "Humphrey Bogart",
      "Mary Astor",
      "Gladys George"
    ],
    "runtime": 100,
    "genre": [
      "Crime",
      "Drama",
      "Film-Noir",
      "Mystery"
    ],
    "certificate": "APPROVED",
    "date": "1985-12-06T10:29:29+05:30",
    "actor": "Humphrey Bogart",
    "id": 272
  },
  {
    "name": "Rebecca",
    "outline": "When a naive young woman marries a rich widower and settles in his gigantic mansion, she finds the memory of the first wife maintaining a grip on her husband and the servants.",
    "rating": 8.3,
    "director": "Alfred Hitchcock",
    "year": 1940,
    "stars": [
      "Laurence Olivier",
      "Joan Fontaine",
      "George Sanders"
    ],
    "runtime": 130,
    "genre": [
      "Drama",
      "Mystery",
      "Thriller"
    ],
    "certificate": "APPROVED",
    "date": "2007-01-08T10:29:29+05:30",
    "actor": "Laurence Olivier",
    "id": 273
  },
  {
    "name": "The Avengers",
    "outline": "Nick Fury of S.H.I.E.L.D. brings together a team of super humans to form The Avengers to help save the Earth from Loki and his army.",
    "rating": 8.3,
    "director": "Joss Whedon",
    "year": 2012,
    "stars": [
      "Robert Downey Jr.",
      "Chris Evans",
      "Scarlett Johansson"
    ],
    "runtime": 143,
    "genre": [
      "Action"
    ],
    "certificate": "PG_13",
    "date": "1994-03-18T10:29:29+05:30",
    "actor": "Robert Downey Jr.",
    "id": 274
  },
  {
    "name": "3 Idiots",
    "outline": "Two friends are searching for their long lost companion. They revisit their college days and recall the memories of their friend who inspired them to think differently, even as the rest of the world called them \"idiots\".",
    "rating": 8.3,
    "director": "Rajkumar Hirani",
    "year": 2009,
    "stars": [
      "Aamir Khan",
      "Madhavan",
      "Mona Singh"
    ],
    "runtime": 170,
    "genre": [
      "Comedy",
      "Drama",
      "Romance"
    ],
    "certificate": "PG_13",
    "date": "2009-04-24T10:29:29+05:30",
    "actor": "Aamir Khan",
    "id": 275
  },
  {
    "name": "Heat",
    "outline": "A group of professional bank robbers start to feel the heat from police when they unknowingly leave a clue at their latest heist.",
    "rating": 8.3,
    "director": "Michael Mann",
    "year": 1995,
    "stars": [
      "Al Pacino",
      "Robert De Niro",
      "Val Kilmer"
    ],
    "runtime": 170,
    "genre": [
      "Action",
      "Crime",
      "Drama",
      "Thriller"
    ],
    "certificate": "R",
    "date": "1999-12-12T10:29:29+05:30",
    "actor": "Al Pacino",
    "id": 276
  },
  {
    "name": "Toy Story",
    "outline": "A cowboy doll is profoundly threatened and jealous when a new spaceman figure supplants him as top toy in a boy's room.",
    "rating": 8.3,
    "director": "John Lasseter",
    "year": 1995,
    "stars": [
      "Tom Hanks",
      "Tim Allen",
      "Don Rickles"
    ],
    "runtime": 81,
    "genre": [
      "Animation",
      "Adventure",
      "Comedy",
      "Family",
      "Fantasy"
    ],
    "certificate": "G",
    "date": "2008-09-07T10:29:29+05:30",
    "actor": "Tom Hanks",
    "id": 277
  },
  {
    "name": "Blade Runner",
    "outline": "Deckard, a blade runner, has to track down and terminate 4 replicants who hijacked a ship in space and have returned to Earth seeking their maker.",
    "rating": 8.3,
    "director": "Ridley Scott",
    "year": 1982,
    "stars": [
      "Harrison Ford",
      "Rutger Hauer",
      "Sean Young"
    ],
    "runtime": 117,
    "genre": [
      "Drama",
      "Sci-Fi",
      "Thriller"
    ],
    "certificate": "R",
    "date": "1981-02-09T10:29:29+05:30",
    "actor": "Harrison Ford",
    "id": 278
  },
  {
    "name": "Ran",
    "outline": "An elderly lord abdicates to his three sons, and the two corrupt ones turn against him.",
    "rating": 8.3,
    "director": "Akira Kurosawa",
    "year": 1985,
    "stars": [
      "Tatsuya Nakadai",
      "Akira Terao",
      "Jinpachi Nezu"
    ],
    "runtime": 162,
    "genre": [
      "Action",
      "Drama",
      "War"
    ],
    "certificate": "R",
    "date": "1985-07-11T10:29:29+05:30",
    "actor": "Tatsuya Nakadai",
    "id": 279
  },
  {
    "name": "Scarface",
    "outline": "In 1980 Miami, a determined Cuban immigrant takes over a drug cartel while succumbing to greed.",
    "rating": 8.3,
    "director": "Brian De Palma",
    "year": 1983,
    "stars": [
      "Al Pacino",
      "Michelle Pfeiffer",
      "Steven Bauer"
    ],
    "runtime": 170,
    "genre": [
      "Crime",
      "Drama",
      "Thriller"
    ],
    "certificate": "R",
    "date": "1986-01-27T10:29:29+05:30",
    "actor": "Al Pacino",
    "id": 280
  },
  {
    "name": "Touch of Evil",
    "outline": "Stark, perverse story of murder, kidnapping, and police corruption in Mexican border town.",
    "rating": 8.3,
    "director": "Orson Welles",
    "year": 1958,
    "stars": [
      "Charlton Heston",
      "Orson Welles",
      "Janet Leigh"
    ],
    "runtime": 95,
    "genre": [
      "Crime",
      "Film-Noir",
      "Thriller"
    ],
    "certificate": "UNRATED",
    "date": "2004-07-12T10:29:29+05:30",
    "actor": "Charlton Heston",
    "id": 281
  },
  {
    "name": "The Gold Rush",
    "outline": "The Tramp goes the Klondike in search of gold and finds it and more.",
    "rating": 8.2,
    "director": "Charles Chaplin",
    "year": 1925,
    "stars": [
      "Charles Chaplin",
      "Mack Swain",
      "Tom Murray"
    ],
    "runtime": 95,
    "genre": [
      "Adventure",
      "Comedy",
      "Family",
      "Romance",
      "Western"
    ],
    "certificate": "NOT_RATED",
    "date": "2010-05-05T10:29:29+05:30",
    "actor": "Charles Chaplin",
    "id": 282
  },
  {
    "name": "Gran Torino",
    "outline": "Disgruntled Korean War vet Walt Kowalski sets out to reform his neighbor, a young Hmong teenager, who tried to steal Kowalski's prized possession: his 1972 Gran Torino.",
    "rating": 8.2,
    "director": "Clint Eastwood",
    "year": 2008,
    "stars": [
      "Clint Eastwood",
      "Bee Vang",
      "Christopher Carley"
    ],
    "runtime": 116,
    "genre": [
      "Drama"
    ],
    "certificate": "R",
    "date": "1986-03-28T10:29:29+05:30",
    "actor": "Clint Eastwood",
    "id": 283
  },
  {
    "name": "The Big Lebowski",
    "outline": "\"Dude\" Lebowski, mistaken for a millionaire Lebowski, seeks restitution for his ruined rug and enlists his bowling buddies to help get it.",
    "rating": 8.2,
    "director": "Joel Coen",
    "year": 1998,
    "stars": [
      "Jeff Bridges",
      "John Goodman",
      "Julianne Moore"
    ],
    "runtime": 117,
    "genre": [
      "Comedy",
      "Crime"
    ],
    "certificate": "R",
    "date": "1987-01-01T10:29:29+05:30",
    "actor": "Jeff Bridges",
    "id": 284
  },
  {
    "name": "It Happened One Night",
    "outline": "A spoiled heiress, running away from her family, is helped by a man who's actually a reporter looking for a story.",
    "rating": 8.2,
    "director": "Frank Capra",
    "year": 1934,
    "stars": [
      "Clark Gable",
      "Claudette Colbert",
      "Walter Connolly"
    ],
    "runtime": 105,
    "genre": [
      "Comedy",
      "Romance"
    ],
    "certificate": "UNRATED",
    "date": "1968-02-03T10:29:29+05:30",
    "actor": "Clark Gable",
    "id": 285
  },
  {
    "name": "Cool Hand Luke",
    "outline": "A man refuses to conform to life in a rural prison.",
    "rating": 8.2,
    "director": "Stuart Rosenberg",
    "year": 1967,
    "stars": [
      "Paul Newman",
      "George Kennedy",
      "Strother Martin"
    ],
    "runtime": 126,
    "genre": [
      "Crime",
      "Drama"
    ],
    "certificate": "APPROVED",
    "date": "2001-04-06T10:29:29+05:30",
    "actor": "Paul Newman",
    "id": 286
  },
  {
    "name": "Fargo",
    "outline": "Jerry Lundegaard's inept crime falls apart due to his and his henchmen's bungling and the persistent police work of the quite pregnant Marge Gunderson.",
    "rating": 8.2,
    "director": "Joel Coen",
    "year": 1996,
    "stars": [
      "William H. Macy",
      "Frances McDormand",
      "Steve Buscemi"
    ],
    "runtime": 98,
    "genre": [
      "Crime",
      "Drama"
    ],
    "certificate": "R",
    "date": "1986-05-30T10:29:29+05:30",
    "actor": "William H. Macy",
    "id": 287
  },
  {
    "name": "Warrior",
    "outline": "The youngest son of an alcoholic former boxer returns home, where he's trained by his father for competition in a mixed martial arts tournament - a path that puts the fighter on a collision corner with his older brother.",
    "rating": 8.2,
    "director": "Gavin O'Connor",
    "year": 2011,
    "stars": [
      "Tom Hardy",
      "Nick Nolte",
      "Joel Edgerton"
    ],
    "runtime": 140,
    "genre": [
      "Drama",
      "Sport"
    ],
    "certificate": "PG_13",
    "date": "1988-01-17T10:29:29+05:30",
    "actor": "Tom Hardy",
    "id": 288
  },
  {
    "name": "The Deer Hunter",
    "outline": "An in-depth examination of the way that the Vietnam war affects the lives of people in a small industrial town in the USA.",
    "rating": 8.2,
    "director": "Michael Cimino",
    "year": 1978,
    "stars": [
      "Robert De Niro",
      "Christopher Walken",
      "John Cazale"
    ],
    "runtime": 182,
    "genre": [
      "Drama",
      "War"
    ],
    "certificate": "R",
    "date": "1967-06-11T10:29:29+05:30",
    "actor": "Robert De Niro",
    "id": 289
  },
  {
    "name": "The Secret in Their Eyes",
    "outline": "A retired legal counselor writes a novel hoping to find closure for one of his past unresolved homicide cases and for his unreciprocated love with his superior - both of which still haunt him decades later.",
    "rating": 8.2,
    "director": "Juan José Campanella",
    "year": 2009,
    "stars": [
      "Ricardo Darín",
      "Soledad Villamil",
      "Pablo Rago"
    ],
    "runtime": 129,
    "genre": [
      "Drama",
      "Mystery",
      "Thriller"
    ],
    "certificate": "R",
    "date": "2013-04-11T10:29:29+05:30",
    "actor": "Ricardo Darín",
    "id": 290
  },
  {
    "name": "Strangers on a Train",
    "outline": "A psychotic socialite confronts a pro tennis star with a theory on how two complete strangers can get away with murder...a theory that he plans to implement.",
    "rating": 8.2,
    "director": "Alfred Hitchcock",
    "year": 1951,
    "stars": [
      "Farley Granger",
      "Robert Walker",
      "Ruth Roman"
    ],
    "runtime": 101,
    "genre": [
      "Crime",
      "Thriller"
    ],
    "certificate": "APPROVED",
    "date": "1995-09-01T10:29:29+05:30",
    "actor": "Farley Granger",
    "id": 291
  },
  {
    "name": "The Best Years of Our Lives",
    "outline": "Three WWII veterans return home to small-town America to discover that they and their families have been irreparably changed.",
    "rating": 8.2,
    "director": "William Wyler",
    "year": 1946,
    "stars": [
      "Fredric March",
      "Dana Andrews",
      "Myrna Loy"
    ],
    "runtime": 172,
    "genre": [
      "Drama",
      "Romance",
      "War"
    ],
    "certificate": "APPROVED",
    "date": "2008-06-05T10:29:29+05:30",
    "actor": "Fredric March",
    "id": 292
  },
  {
    "name": "Lock, Stock and Two Smoking Barrels",
    "outline": "Four London working class stiffs pool their money to put one in a high stakes card game, but things go wrong and they end up owing half a million pounds and having one week to come up with the cash.",
    "rating": 8.2,
    "director": "Guy Ritchie",
    "year": 1998,
    "stars": [
      "Jason Flemyng",
      "Dexter Fletcher",
      "Nick Moran"
    ],
    "runtime": 107,
    "genre": [
      "Crime",
      "Thriller"
    ],
    "certificate": "R",
    "date": "2007-01-07T10:29:29+05:30",
    "actor": "Jason Flemyng",
    "id": 293
  },
  {
    "name": "High Noon",
    "outline": "A marshall, personally compelled to face a returning deadly enemy, finds that his own town refuses to help him.",
    "rating": 8.2,
    "director": "Fred Zinnemann",
    "year": 1952,
    "stars": [
      "Gary Cooper",
      "Grace Kelly",
      "Thomas Mitchell"
    ],
    "runtime": 85,
    "genre": [
      "Drama",
      "Western"
    ],
    "certificate": "APPROVED",
    "date": "1963-12-31T10:29:29+05:30",
    "actor": "Gary Cooper",
    "id": 294
  },
  {
    "name": "My Neighbor Totoro",
    "outline": "When two girls move to the country to be near their ailing mother, they have adventures with the wonderous forest spirits who live nearby.",
    "rating": 8.2,
    "director": "Hayao Miyazaki",
    "year": 1988,
    "stars": [
      "Hitoshi Takagi",
      "Noriko Hidaka",
      "Toshiyuki Amagasa"
    ],
    "runtime": 86,
    "genre": [
      "Animation",
      "Family",
      "Fantasy"
    ],
    "certificate": "G",
    "date": "1959-12-20T10:29:29+05:30",
    "actor": "Hitoshi Takagi",
    "id": 295
  },
  {
    "name": "Sin City",
    "outline": "A film that explores the dark and miserable town, Basin City, and tells the story of three different people, all caught up in violent corruption.",
    "rating": 8.2,
    "director": "Frank Miller",
    "year": 2005,
    "stars": [
      "Robert Rodriguez",
      "Mickey Rourke",
      "Clive Owen",
      "Bruce Willis"
    ],
    "runtime": 124,
    "genre": [
      "Crime",
      "Thriller"
    ],
    "certificate": "UNRATED",
    "date": "1964-01-23T10:29:29+05:30",
    "actor": "Robert Rodriguez",
    "id": 296
  },
  {
    "name": "The Grapes of Wrath",
    "outline": "A poor Midwest family is forced off of their land. They travel to California, suffering the misfortunes of the homeless in the Great Depression.",
    "rating": 8.2,
    "director": "John Ford",
    "year": 1940,
    "stars": [
      "Henry Fonda",
      "Jane Darwell",
      "John Carradine"
    ],
    "runtime": 129,
    "genre": [
      "Drama"
    ],
    "certificate": "APPROVED",
    "date": "1980-05-29T10:29:29+05:30",
    "actor": "Henry Fonda",
    "id": 297
  },
  {
    "name": "Gone with the Wind",
    "outline": "American classic in which a manipulative woman and a roguish man carry on a turbulent love affair in the American south during the Civil War and Reconstruction.",
    "rating": 8.2,
    "director": "Victor Fleming",
    "year": 1939,
    "stars": [
      "Clark Gable",
      "Vivien Leigh",
      "Thomas Mitchell"
    ],
    "runtime": 238,
    "genre": [
      "Drama",
      "Romance",
      "War"
    ],
    "certificate": "APPROVED",
    "date": "1986-11-12T10:29:29+05:30",
    "actor": "Clark Gable",
    "id": 298
  },
  {
    "name": "Butch Cassidy and the Sundance Kid",
    "outline": "Two Western bank/train robbers flee to Bolivia when the law gets too close.",
    "rating": 8.2,
    "director": "George Roy Hill",
    "year": 1969,
    "stars": [
      "Paul Newman",
      "Robert Redford",
      "Katharine Ross"
    ],
    "runtime": 110,
    "genre": [
      "Adventure",
      "Biography",
      "Crime",
      "Western"
    ],
    "certificate": "United States-M",
    "date": "2008-02-25T10:29:29+05:30",
    "actor": "Paul Newman",
    "id": 299
  }
]